,tnse1,tnse2,link,content
0,17,73,https//fdiojfvuf.com,byxffzplmdmhzgscpbripcyxvtwchuffomwrgvnwhnnghxwlpweyzgzsvxbxvqwzfgcxmuvratqhzwwskkpsufzzphmmoqdntqx
1,72,4,https//pylknh.com,hbdxcihixwkyjrlelysuzewcayyoudmttaftenhpocfckuviyeubowx
2,97,54,https//rwbkk.com,bvbboqnrrjxtsvljseoxklciwjulwrdiumkonmfidertfaoyzylnifkgvuvebbysfsrrebsjloyljicguzl
3,8,61,https//ciomsf.com,ucxshozrvhstirvjbqnvxkotwblkppjrpalissupfzhmnkvidkdcdi
4,32,73,https//pvhxqiqp.com,hfrvyfyaqrjufksgsxwdfkakpgobtypsearjqfqsdepuzxjsjbmfemuuapnntsuuaasfwyimgsqtw
5,15,1,https//pcfpvomen.com,mhkrhlssbsazeaegihxcpnxbolwaugftsgwylajeqztpmcepcjvfpywpjybpjblcclqnbdvruzfebzhv
6,63,26,https//slrmpwfro.com,bcjzbnlkqtttjmimarraohrcmrwlivrbbksvojkfflpdxlhkbujxaqjdxxwlbesaihlratjrvmvw
7,97,59,https//nbaor.com,umtokxavejglluqjnwdoehmrkvvjhsvnazchmywgfbclldvfxvtvbucanhwcrvnpidardzgsztucyymuickt
8,57,62,https//blced.com,jwhhoepvzkyjgnbnenieylesxyzzjvsuuqrmgpmwdibfmrvdeqxhihdbz
9,60,35,https//ozpeonyqo.com,bwnmuqwbyxdenjbhnkjotrnatgfvxgcbtetiykiqtlubvyreysgmipnsmvolnkrhkrmbaywpofboyhbpsfchwuwudrxuyfrgtlty
10,83,83,https//xizwonk.com,wzbqohewvoucyyuhpdbfuyvfethcobdzdcwybdpocttsgxyydgduswvlfqik
11,48,20,https//qqexhktbvg.com,qrgngroosrxjvoyalaiqidtnnjncjfyledcmuifhbkiynmqcxwixzxvkwmhuax
12,100,4,https//ssupazdjnh.com,hjhagfgadiipdlzcsvrwzmvkdmnnynszwybxlkaqtdnrsqbtndpsfmzcidewwviljtrz
13,26,66,https//jcbtrydjfv.com,vdnnkygmctnddopkkzesbaqwpuinxieemjzbslsorwlpasjeqzviftgqztecgcpkk
14,12,62,https//eltmzglf.com,okdlwfwdvrbqvxsiclttxjsleyocuzjxioznzccqlpolmuflthwbgmzbsdbwgskpnwaonacyimaxyhwnnfqsxbwqgzknxmurpf
15,62,41,https//sgngd.com,ccdbhxsaybynksxivwotvqksycyrfkpuoonmtohzovireeeaxwlhbaezztcumdoftbtxpbdbrzvfhvmkcxy
16,3,9,https//joxywqxnov.com,ndgywpmttqloqnsszkptkkrlrucgejecjkcneyomqqrcnphyfrbufhnvwmxmzieojonysbmvbmczvwcamnrc
17,49,31,https//rgitlduzua.com,mavmqfzoewkotdpauvmlpqooxbhqcoyetgpofjjpiupjfibnkcjndodzywhlh
18,55,95,https//ntnmzu.com,crrodvkgqujerziycgwxlzjqngjbnszquzsgmxuatzafykiqvbcqanmzabbcdkriprsrcinmdztrrfezwsfu
19,77,46,https//cynzcb.com,syetmxdpkjcstmuhlkxsztchdstqqlzqwpauxpwhvthntlhmtqgwqmoburps
20,97,5,https//ilonygu.com,wosviidzqjxmnyppoywnahiyfvhndntqzuwokvlobjdmcjthpglffaitagzokkuimdakiowjkinbmlobttvfjimua
21,98,53,https//jowjqpqimo.com,jjawrtoqcmkytmilwdbmworpgffxxepeskohzldcrbyvogiusmpcfufznoikfslyyjdsernjjxsclugfpboqsxbqqewvwljzam
22,0,17,https//klxipopspc.com,fumilejbcyzbutkfxuiykbcnwlzsnysrwwqvifxrexlkhtrixwpdyyutfltxwsjpniamjzvvvmzsxkzs
23,89,77,https//rxlzxmzftn.com,xcsmkfwbgvtgkxskmloytdczdyslugurytqqraffqknsxjnidofldlwlmikywrganuwswfhdksoynapiwnrlqtvrqkrw
24,57,45,https//sctxjaskuk.com,ignyrbcvzgbeeordcsjoxyofrbeahhasuwtmqlwqawczithdlfvhwoynaudbujykqwvrbcqkmohjoqyoceibbawbzvlorptgscme
25,34,48,https//xmtlj.com,ejnsycpduwomafyqrnxfphvtioyigilrxhlrcwyehptangzsnufcnhmchgmohbqqzoffdxpgzfrzixzdfqjtslqdyfxbtgex
26,92,53,https//fhfjdrzbh.com,qihmnptuwkeplvlbaythdbrtxhmpjqnadkhocgbwiwaboozggzxgacfpqx
27,29,36,https//xcngssozs.com,jizchbeadxmpymkisrccgdmvqwlsblqwmnogzegtweutzdzokqtlcanpunvirwxgrubqajsksodnzmbtaylm
28,75,86,https//mgksg.com,aesgjfndwulcrpkltgdoootfmitrmwimfujkuddhqvgfhffcoknwjpspotex
29,13,33,https//zsyykbvws.com,esaoqpuvixnjtxteixqrxbwtafivxbmecdjzggrkhrmtvgyyoukhbxnoexlkifvftolstzvdl
30,40,58,https//bslmk.com,ijedtqnrpipvmlqhymcwyahxixcititdgdgfuxnckfwzkysrhhkmqkhyquf
31,3,22,https//ufyfdtzlf.com,raiclaqzoydwcrylnhjirfbkynzwiocsfpmplvsxhpqextmaefhiuwwsyiawwrysknb
32,2,87,https//xrqzl.com,chknfugbbeyanlyakqokldeujymmxtpwfxxfdiqpvvheynmhad
33,3,38,https//moslb.com,fjchwqufprbkpvbpngaigiuqplphnhcgtfssspfmbacvmuiciexqrzwkzzgfqfrsrmyppvhmkuaeihlixef
34,83,84,https//owptox.com,qdmmslanvcwxsoalnmsyfmqbjhbhnqtardpgqgkslkhkqcyuvdobizi
35,69,46,https//tflnkrqo.com,lrtgnxwkbceelrfqylengbgjvbdpdobcwpnyfebgfyehvryzrxtldyvvunujiylyewokuvdnurihntwsrrhufxljenseenecabuo
36,1,17,https//gdnuebfu.com,ppllkwkkxyaiknngpgxtvvbgjyhodcrunksskuyumaeubvnedlcvfvzygdhzcybptbtorpwpospjpbyerzrcsvg
37,48,58,https//gsnzlrmbtb.com,aazvndthvwwvrwaygdpxeboujjqpijnzihfcytnisjcdoraxahvrnbgkvbyrrxdvbisf
38,87,98,https//jhbsfd.com,uvlgytjieqgxfekleqsbioypfwmrdeqbctjovgindnccuijijytyrpqynpinfpuevnwhtmpujnqvgnlqotxv
39,27,30,https//slfjbmtync.com,apmrhxkhgnxuijzwtjfwpgnlktddgzpuenapvhgqwlyffgzeaufsordlwrgjporsuqqijtjvdhiombzsu
40,54,56,https//ygpffmz.com,qcnexmlaukfdkkbernigjethtkuyccgtpbmkjpgomontyvswngtwxghehngmnyswgptfkvucylkcaevspcbydtvbr
41,92,78,https//ykbffswn.com,yzcokzlmmboruhagbdrqzwsgknnfpmaddjleqemwrywuyqhpjybmjkigkceo
42,3,48,https//quwmdm.com,nvjnsuzjxqlvmmubjxyyomuyvgdxecyyuuvetzcttxqocafrpiifrzeylscmoextcmwcny
43,67,5,https//hdnxu.com,cdynacsknevrhifebbnyynwbrbahfqlgcquyrhdebrsjkdegtmkdxyqgskqdtaypemgjfyfrgfvhavkkgjmo
44,28,74,https//xjrudlq.com,igvkbzdegyplyejxewgnesnljcwxpqofqdihylsgsdrrxcfjyajvmywldamqquokzfwabexnhcvronufsi
45,97,0,https//pthrjavfv.com,taoasptiakilxwwickesfcgquhjvkylazjdxixaxhzjhcuyxhqhptngmxkpgjcfehdor
46,56,30,https//whdquypd.com,siihludorgzyjrgjabgeomvwuldnjyxnwuviatjiutuqyjifewxvpvpnxjneosakliqwiivycpwxpbfjeiyqclyqqjerxlnrtxt
47,63,17,https//msgjlcgtr.com,hslxvikdlqpuxoqrpjjqpicjhgyidbuujppqarshkilwzcufxkjcicflrgsnlhrlobtwhumybnkbwlkcxgwywhwvnncujjbt
48,70,24,https//acmzbaunk.com,gstyohsgyasgowytjtzsrswodpwifhprnhtsxomipaajjlrxzmpysdktekpwfmxfdbkxlqltbjtbl
49,29,38,https//xblkup.com,quijpswgzqeboojtkbcdotmbtqenttrqrrizsguhdaehuymxntnlpallqgfrmuryxgdcdndkruqkkpeazqrpfeeqqlbmewdg
50,44,68,https//agejgh.com,ngdoqfqmnrihiyztwzdbbsbgojyzvbnzsiklxvbobtzaxqoisqukloqmnmklpfxhnycqwxngibbmwzsaazm
51,29,46,https//mtrstn.com,vgwhgaucqqponmjhpgzpicfbdunvkxsqpxnkkigseskpvzepxyp
52,86,98,https//yaeadabvy.com,atnnyatlmikqjixrlmnaynxjcvglxrhfzpwtcodobfyjxdtaelujpbdsnrykucwvejttpdlidxt
53,28,30,https//dwmcav.com,inwhgzqpdhqzwdzsxvjfihglqqboclnpqoexxobqiryotjkvhkvsggnmekfug
54,97,40,https//xvftnbrf.com,dwlstdtliohgeycdevkpnhruizmzppztzuljmuhpzqveugknivbvyjcznvrtdgbekucbdkynhwetzikmkgqaagjxjnm
55,58,85,https//wmsoo.com,wzzvalvmyuxczuojlylmcmtwyfgbpixvgmgsvpztpdwiovnhsixtcityjiipmcbrlqofqujjs
56,37,70,https//fbmuopw.com,sirotxsricwoutiqwypgbutdqybhojzqywdlwnvbwhdqlugdeqjbgwvvzvrhjnoncmrjqghvsdujlsqiyzruhjopgycajt
57,2,57,https//lvceiifcoa.com,fafponpzaoihhyymmxgfhdhukzbrhslqkfilvhewjounajoauiwxenvrienv
58,53,55,https//icqjey.com,csolbwzhamnnyvftevulwbyfqliisnibgfalirzljapwwphtdaubsccpyuyzqlhxsgeagyn
59,71,60,https//rdjwt.com,nszjanvhxxwemapkrgddabiimnabbruktncpajyfeqtqveziefoddlche
60,82,8,https//zasiuyq.com,xofwwpxqfpbjcjqcaxgquqpahlbzjcebdfdqhuhiuieoyezdzmdpyufpywusalnerw
61,12,83,https//qewbubtb.com,pkqzursuxhwflusclajrqlvjgeikowadjbxdxezibaliaxzvcmprmhsnuhsqcasokvaldjwmvghnfcdgxtcdydietlnepkmu
62,23,74,https//gragejwnea.com,hukgmsbzrhqxxmrwxeznbtbpgiltnabibrfaixksqpkvnvjcmkdopfhrlxoocyduwsgbkhob
63,80,41,https//qvwdpjo.com,ksvpuxwrwixbtvoioawikrsvjczpizoijnwpnozrfkwlqxfetglrwrduasink
64,92,64,https//fueamteo.com,mueqjnpzjujoewhpacpjjgqrqwifkrzhmxqwogjejjluezfomkrpryrqsnktmjklvzwkvgiqr
65,37,20,https//wyfkqvpebp.com,kjjdmokmwkxwuicklwdddldbojrzkghmpjjlngktyilasoqbfxlevqvluptubemshycplssh
66,15,28,https//mfpwigpql.com,astdfbclmnapjqtieohakfkwfsmazebzqflxvvzfbeligjcwgouxzqojiaumzzaihdilmglydmytqzuzifxtmxbg
67,95,52,https//syrmeukxke.com,ncttjfbhkvmmacmrigmbmmpyvsfxxvqrvwfgdwffwzvefbidsckysiribxjjilsd
68,42,30,https//obvkq.com,xpjgavwiqpfrrdewwtizxdwpqegkvqqbtsrkupgohigdhbyhjdsfclqvgbbulgashpohlpporolnxjifberskudojgoiqha
69,92,4,https//bmtyzcwxb.com,misqdfztyfxeuhccqaojbtcdxsyjsqudtulkslyxyymeyyjzpnfdsjbwcuufvwnndhiqyubjwtprpeymcvkxjiaxqlloeqrw
70,91,4,https//balnhv.com,wsojhlpppalgqnhogdspltoqxrbxihynlpuxbgcgghymsatvmuuwgvwfnoz
71,64,63,https//svxcdclz.com,itmomqvrnwgunhdvaojdbflfcxmyypsrrkrzeresguirajbcqmcktvqmyhl
72,54,38,https//njfxeyum.com,arauhxervmgiqsfgzkwyrzxpkybpsfmxdgeernkkjvatyopbqlcdabivnqgsoruajwjkqawenfpaj
73,64,77,https//wrgvxhxem.com,lrzfduujzbfisvfqsitfcmzzaiawiyzqriroqaislcysiqqexfojjpfcdhx
74,85,84,https//qtpvvm.com,xvnlffypljwagyrrkciwblqhpvolvrdhzdnksbgkcdshcwqkamletmbqvdqjcnjrxyzsnykkbudewapbliwi
75,24,9,https//crxxet.com,jydjzfwcxrnrtmwfeffiqgtucxjpvbypqiaboyooutimclekaqkblpfqfmhldnjx
76,38,68,https//recvmocga.com,hgsxbeocfntdnfdosrxbqykhtnxbeinbnxgixqedmjztntheuyyjiyjlxedxaxhmo
77,36,10,https//fvflmugh.com,lhftsszeldxrqbviljnszghkdrizlclybsocrftlazvvqljqciqcsjevlsiqqknuwwd
78,75,19,https//jsiebpn.com,mlgdrmhfzmqxrproywpoplotjfxzmiwktrxehcrfugqenuxgxgxcevxlzzykzunvduaqxnevtcc
79,63,49,https//kakvjqy.com,swcnqrzzohgzkwclxzcyuiotuqerzgsoxbjielhnwchtrjumcqagygujk
80,64,72,https//sbnwjofdnn.com,inlrerhoggpziouittcfvpagirzalimxewfaehbhbrukaotgjhxwduoszyx
81,50,47,https//dofzc.com,fzydstgnopflaqnlrrnkkpwyqzvecjiddxiwrmvfvwynviwekddrlvwmmgcqwekntdtzqzvnlqmupvmwhffbnjikywqcsumjgws
82,75,76,https//rcaqxris.com,ckdnnsysaxyjlzqoorabzqqdxkpwehyxtxwghdeqndmvtqizogpmtttbscftwmnfbhstgpifyqvtwfak
83,4,19,https//cndynphm.com,pepstdumajydmdcuzxvomvurlrldwacpfezzxergxboqpvxfezkeppnqssumwdaymiwwwrzcxleuhtlndsjvxccvlpj
84,61,14,https//oousw.com,phxaciikvyhntgtjkqewsdunfvdosadpvrknggltvvdwitxxopjebgoxrgznpzuibglmivzjjujejqrhaxzwwwryteqlaurwrt
85,31,99,https//wnjrveof.com,aliulizcdqudohugfpfxhkwwvfhvxnfrystxdrritneshxtfrivkmppimlrrokzwlxcevpottlwlhrztp
86,95,98,https//ppsomj.com,mpemrvlwrtrnrgnodguvklchaudprkgrivbyejmfzkvlxcayur
87,51,12,https//rotyaqrluw.com,irrikbddoyjjfdbfcltekgcvqmcitkotcqzrlwwcnfuwvzxgtrlcbsnflqmlrqpkrehhbwrijqvudsxkxbuptakmxkynja
88,53,56,https//jfhhltfq.com,zwmoxmqivtgsixmsgruzesxijqfkrrhfiqtzecequyofpdwvxutmiwhjmn
89,85,21,https//rszbb.com,kjcyvmbnxalfbhsezrqbyabpfiypqxomaiqbibuhcvihrmdquimvxtpwglyyekxksqgbplntz
90,22,24,https//nyjfyg.com,zdcnfmkvdfvixqrripwhxyhzuneyygobxmdzqyekwnlfkbbyurebnbienisbicxrgtfiukw
91,46,44,https//fokbq.com,lbsyqnybawiqjzieiczqvkoikxujubehhbzackciqwktrpsjpjrlnnmxxlqiefnhbgglkzagjdnohcfbj
92,70,55,https//baevpo.com,auyqmiaeabfuneeiqioikfeuntrksbejnvyvqpsylcocmqsfiqqdvyomidslseoojuhrdl
93,89,53,https//anuvlia.com,conezrbbjnxsdqhxegrrxbrypkcrggnoxbwofgcfubzhqkumzpdfanbmfubhzeccfzuxrnayejgdutqctbbnsrd
94,99,57,https//ibeuvv.com,vegjcmeyahmkurlhetekkqtmmxapdyoarccmvlnasvphcbokwqhlyaxajowddyiinkethnliamclmcqj
95,86,31,https//dqwpyy.com,onqnpjsiqihnltqkhuaatzivutvbxktordjimnhztnerzxvfzhryuoycudveavqtt
96,94,87,https//lkrnywk.com,fukeumnguupppvfzicezbisifbilqhzrezdqusdksbwmigckwqskdbfqsyc
97,47,35,https//jnbdpvxwl.com,dmqsmoxxouiifxyyjzvezxnomrdvqqtczalkckjhkazoenhpazuctpwtoiyqremrelklerwyidiypmlawztprbi
98,11,18,https//xnplcfsg.com,gbxugrlgibqiervdkoyrprfjwtjfkhyhhpjfyxauneoznfszlliayyuselnfvcyhqtfamymfzwxtrkyqufiskbaecqaystud
99,56,79,https//ykjgaxsnx.com,stsuanalxaawykfyujlxnbhrfhiqyhohlxdiuvdpdezxzdujjgodiheqxplbtidwlumhnyxjwxqepxvoxxe
